{"cameraMode":{"drawMode":0,"name":"Shaded","section":"Shading Mode"},"sceneLighting":true,"audioPlay":false,"sceneViewState":{"showFog":true,"showMaterialUpdate":false,"showSkybox":true,"showFlares":true,"showImageEffects":true,"showParticleSystems":true},"in2DMode":false,"pivot":{"x":2.2799999713897707,"y":0.8043197393417358,"z":23.881153106689454},"rotation":{"x":-0.22885997593402863,"y":-0.6719970107078552,"z":0.2311568707227707,"w":-0.6653020977973938},"size":1.1986104249954224,"orthographic":false}